{"cameraMode":{"drawMode":0,"name":"Shaded","section":"Shading Mode"},"sceneLighting":true,"audioPlay":false,"sceneViewState":{"m_AlwaysRefresh":false,"showFog":true,"showSkybox":true,"showFlares":true,"showImageEffects":true,"showParticleSystems":true,"showVisualEffectGraphs":true,"m_FxEnabled":true},"in2DMode":false,"pivot":{"x":65.29315948486328,"y":218.09402465820313,"z":172.7877960205078},"rotation":{"x":0.7594817280769348,"y":0.0041907127015292648,"z":-0.005151126999408007,"w":0.6505525708198547},"size":1064.1522216796875,"orthographic":true}