{"cameraMode":{"drawMode":0,"name":"Shaded","section":"Shading Mode"},"sceneLighting":true,"audioPlay":false,"sceneViewState":{"m_AlwaysRefresh":false,"showFog":true,"showSkybox":true,"showFlares":true,"showImageEffects":true,"showParticleSystems":true,"showVisualEffectGraphs":true,"m_FxEnabled":true},"in2DMode":false,"pivot":{"x":-1.7212380170822144,"y":1.2339563369750977,"z":0.46415194869041445},"rotation":{"x":0.22826148569583894,"y":-0.7651206851005554,"z":0.36423277854919436,"w":0.47945812344551089},"size":3.3725669384002687,"orthographic":false}